ApprovalFY,BorrState,loan_count,total_approval,average_loan_amount,total_sba_guaranteed,average_jobs_supported,charge_off_count,paid_in_full_count,guarantee_pct,charge_off_rate_pct,paid_in_full_rate_pct
2020,AK,73,30350400.0,415758.90410958906,22573585.0,9.123287671232877,0,30,0.7437656505350836,0.0,41.0958904109589
2020,AL,279,182540100.0,654265.5913978495,137276930.0,11.161290322580646,15,121,0.7520371140368609,5.376344086021505,43.369175627240146
2020,AR,295,108933800.0,369267.1186440678,79425035.0,8.505084745762712,9,158,0.7291128648775679,3.0508474576271185,53.559322033898304
2020,AZ,866,548494000.0,633364.896073903,407718600.0,12.07390300230947,27,450,0.743341950869107,3.1177829099307157,51.96304849884527
2020,CA,5323,3644343700.0,684640.9355626527,2707277010.43,10.417433777944767,179,2511,0.7428709346020245,3.3627653578808943,47.172647003569416
2020,CO,1118,711345600.0,636266.1896243292,524456886.04,11.449910554561717,38,560,0.7372743797670218,3.3989266547406083,50.089445438282645
2020,CT,443,165389500.0,373339.72911963885,118432780.0,8.45372460496614,14,241,0.7160840319367312,3.160270880361174,54.401805869074494
2020,DC,74,23505300.0,317639.1891891892,16823255.0,8.945945945945946,4,31,0.7157217733872786,5.405405405405405,41.891891891891895
2020,DE,124,60985700.0,491820.1612903226,44324190.0,12.387096774193548,2,75,0.7267964457241616,1.6129032258064515,60.483870967741936
2020,FL,2378,1471103500.0,618630.5719091673,1104886100.0,11.088730025231287,148,1064,0.7510593918102975,6.223717409587889,44.743481917577796
2020,GA,1238,1044391500.0,843611.873990307,786789822.4,11.193053311793214,41,584,0.7533475927370148,3.3117932148626816,47.17285945072698
2020,GU,9,1525500.0,169500.0,1062100.0,16.444444444444443,0,5,0.6962307440183546,0.0,55.55555555555556
2020,HI,76,15402300.0,202661.84210526315,11035105.0,11.342105263157896,4,52,0.7164582562344585,5.2631578947368425,68.42105263157895
2020,IA,353,174631300.0,494706.23229461757,129245315.0,14.257790368271955,13,188,0.7401039504372927,3.68271954674221,53.257790368271955
2020,ID,368,129921600.0,353047.82608695654,94459090.0,9.105978260869565,7,223,0.7270468497924902,1.9021739130434783,60.59782608695652
2020,IL,1446,868734300.0,600784.4398340249,637173895.0,13.153526970954356,48,715,0.7334508318596377,3.319502074688797,49.446749654218536
2020,IN,920,453458000.0,492889.1304347826,328219065.0,10.832608695652175,26,508,0.7238135946438259,2.8260869565217392,55.21739130434783
2020,KS,401,178276200.0,444579.0523690773,130068030.0,12.184538653366584,10,227,0.7295871798927731,2.493765586034913,56.60847880299252
2020,KY,364,156442800.0,429787.9120879121,112569325.0,9.197802197802197,10,217,0.7195558057002304,2.7472527472527473,59.61538461538461
2020,LA,285,188848600.0,662626.6666666666,141217585.0,12.452631578947368,11,121,0.7477820063267612,3.8596491228070176,42.45614035087719
2020,MA,1135,283998200.0,250218.6784140969,196954400.0,8.71806167400881,23,702,0.6935058039100248,2.026431718061674,61.85022026431718
2020,MD,625,239874100.0,383798.56,172106300.0,11.368,27,301,0.717485964512217,4.32,48.16
2020,ME,205,40383700.0,196993.65853658537,26620760.0,7.463414634146342,4,124,0.6591956655779436,1.951219512195122,60.48780487804878
2020,MI,1694,619172000.0,365508.8547815821,444731950.0,8.53896103896104,31,974,0.7182688332159723,1.8299881936245572,57.497048406139314
2020,MN,1575,596556500.0,378766.0317460318,429750301.0,11.653968253968253,24,929,0.7203849107335181,1.5238095238095237,58.98412698412698
2020,MO,786,352974800.0,449077.3536895674,264429936.45,12.361323155216285,26,413,0.7491467845579911,3.3078880407124682,52.54452926208651
2020,MS,287,153049100.0,533272.1254355401,114410740.0,11.519163763066203,7,169,0.747542716683731,2.4390243902439024,58.88501742160279
2020,MT,181,77239200.0,426735.91160220996,56556880.0,8.099447513812155,3,113,0.7322302664968048,1.6574585635359116,62.430939226519335
2020,NC,976,749377600.0,767804.9180327869,558618745.71,14.270491803278688,19,475,0.74544361308638,1.9467213114754098,48.66803278688525
2020,ND,139,43123400.0,310240.28776978416,29027175.0,8.129496402877697,1,102,0.6731188867297105,0.7194244604316546,73.38129496402878
2020,NE,273,115374700.0,422617.9487179487,83517305.0,10.64102564102564,3,134,0.7238788486557278,1.098901098901099,49.08424908424909
2020,NH,377,84729000.0,224745.35809018568,57059295.0,9.517241379310345,9,199,0.6734328860248557,2.387267904509284,52.785145888594165
2020,NJ,1191,651724200.0,547207.556675063,482593865.0,9.34928631402183,53,514,0.7404878704826366,4.450041981528128,43.15701091519731
2020,NM,212,118342300.0,558218.3962264151,89682025.0,12.39622641509434,4,91,0.757818844149556,1.8867924528301887,42.924528301886795
2020,NV,344,178594500.0,519170.0581395349,130744144.0,10.01453488372093,25,182,0.7320726226171579,7.267441860465116,52.906976744186046
2020,NY,2139,875244900.0,409184.15147265076,627780640.0,8.618045815801777,144,931,0.7172628369499783,6.732117812061711,43.525011687704534
2020,OH,2547,790503600.0,310366.5488810365,564632255.0,9.54691794267766,86,1515,0.7142690495021149,3.376521397722811,59.48174322732627
2020,OK,504,252788000.0,501563.49206349207,181429120.0,12.093253968253968,19,247,0.717712549646344,3.7698412698412698,49.007936507936506
2020,OR,781,363998600.0,466067.3495518566,266233655.0,9.318822023047375,22,390,0.7314139532404795,2.816901408450704,49.9359795134443
2020,PA,1271,584296000.0,459713.6113296617,423228600.0,10.17309205350118,29,641,0.7243393759327464,2.2816679779701023,50.43273013375295
2020,PR,314,51509100.0,164041.71974522292,32870557.21,12.45859872611465,3,151,0.6381504862247642,0.9554140127388535,48.089171974522294
2020,RI,156,46213000.0,296237.1794871795,32488165.0,8.474358974358974,4,66,0.7030092181853591,2.5641025641025643,42.30769230769231
2020,SC,414,289277000.0,698736.7149758454,213969440.0,10.68599033816425,17,197,0.7396697283226803,4.106280193236715,47.58454106280193
2020,SD,163,52241200.0,320498.15950920247,37561380.0,8.43558282208589,6,91,0.7189991807232605,3.6809815950920246,55.828220858895705
2020,TN,419,282808200.0,674959.9045346063,209056410.0,14.343675417661098,16,210,0.739216224989233,3.818615751789976,50.11933174224344
2020,TX,3029,2377687200.0,784974.3149554308,1774540686.4,12.099042588312974,129,1340,0.7463305881446475,4.258831297457907,44.23902277979531
2020,UT,777,419528400.0,539933.5907335908,310305165.0,13.718146718146718,19,437,0.7396523453477762,2.4453024453024454,56.241956241956245
2020,VA,640,363941600.0,568658.75,267277600.0,12.7078125,29,276,0.7343969472025182,4.53125,43.125
2020,VI,5,2234700.0,446940.0,1600495.0,13.6,0,2,0.7162012798138453,0.0,40.0
2020,VT,170,25039500.0,147291.17647058822,17170230.0,6.5058823529411764,2,125,0.6857257533097706,1.1764705882352942,73.52941176470588
2020,WA,1227,741179200.0,604058.0277098614,544892395.0,9.69682151589242,44,617,0.7351695716771329,3.5859820700896496,50.28524857375713
2020,WI,970,458254900.0,472427.73195876286,330836498.88,11.223711340206185,21,530,0.7219486335661659,2.1649484536082473,54.63917525773196
2020,WV,177,48775900.0,275570.05649717513,30604300.0,5.790960451977401,2,113,0.6274471614055301,1.1299435028248588,63.84180790960452
2020,WY,69,42103300.0,610192.7536231884,30790770.0,9.115942028985508,4,32,0.7313148850565158,5.797101449275362,46.3768115942029
2021,AK,119,98878000.0,830907.56302521,85154060.8,14.184873949579831,0,46,0.8612033091284208,0.0,38.65546218487395
2021,AL,364,301338100.0,827851.9230769231,255937447.72,13.873626373626374,9,111,0.8493365018230353,2.4725274725274726,30.494505494505493
2021,AR,307,201120100.0,655114.332247557,171295565.6,12.651465798045603,4,137,0.8517078382518704,1.3029315960912051,44.62540716612378
2021,AZ,1048,893296800.0,852382.4427480916,756171759.9,14.930343511450381,21,412,0.8464955431386298,2.00381679389313,39.31297709923664
2021,CA,5824,5751079000.0,987479.223901099,4904791743.93,12.08430631868132,111,2174,0.8528472211788432,1.9059065934065933,37.3282967032967
2021,CO,1446,1144597300.0,791561.0650069156,975487764.58,12.540110650069156,43,533,0.8522541199249728,2.9737206085753805,36.86030428769018
2021,CT,631,294862000.0,467293.18541996833,238589923.0,10.0459587955626,27,234,0.8091579213326913,4.27892234548336,37.08399366085578
2021,DC,92,49021400.0,532841.304347826,41254450.0,11.445652173913043,14,29,0.8415600125659406,15.217391304347826,31.52173913043478
2021,DE,140,58533200.0,418094.28571428574,48297910.0,10.785714285714286,9,48,0.8251370162574402,6.428571428571429,34.285714285714285
2021,FL,3201,2583592600.0,807120.4623555139,2194437898.95,13.216807247735083,153,1146,0.8493745875220419,4.779756326148079,35.80131208997189
2021,GA,1752,1816520600.0,1036826.8264840182,1541997571.61,12.498858447488585,28,622,0.848874255326364,1.5981735159817352,35.50228310502283
2021,GU,4,871000.0,217750.0,435500.0,16.0,0,2,0.5,0.0,50.0
2021,HI,109,27979700.0,256694.49541284403,22521115.0,9.045871559633028,4,50,0.8049090948080215,3.669724770642202,45.87155963302752
2021,IA,380,196863100.0,518060.7894736842,164654410.0,12.68421052631579,5,161,0.8363904154714622,1.3157894736842106,42.36842105263158
2021,ID,435,278369200.0,639929.1954022988,233760701.44,11.275862068965518,4,191,0.8397505953963298,0.9195402298850575,43.9080459770115
2021,IL,1723,1120986500.0,650601.5670342426,934178970.57,14.38827626233314,38,670,0.8333543450969303,2.20545560069646,38.88566453859547
2021,IN,1166,637242500.0,546520.154373928,531089791.2,11.301029159519725,11,451,0.8334186611847139,0.9433962264150944,38.679245283018865
2021,KS,465,268740900.0,577937.4193548387,225456455.3,12.324731182795698,6,189,0.8389361474193173,1.2903225806451613,40.645161290322584
2021,KY,459,257978700.0,562045.0980392157,212059651.0,12.77995642701525,8,204,0.8220044949447377,1.7429193899782136,44.44444444444444
2021,LA,352,281233800.0,798959.6590909091,239469360.4,13.130681818181818,14,116,0.8514956609056238,3.977272727272727,32.95454545454545
2021,MA,1093,472556200.0,432347.84995425434,375010481.0,11.462946020128088,21,427,0.7935785859967556,1.9213174748398902,39.066788655077765
2021,MD,698,388192400.0,556149.5702005731,322394550.0,12.435530085959885,44,250,0.8305019624289399,6.303724928366762,35.816618911174785
2021,ME,267,105130700.0,393747.9400749064,85312445.0,11.352059925093632,2,117,0.8114893651426273,0.7490636704119851,43.82022471910113
2021,MI,2131,1007150500.0,472618.7236039418,844280747.615,10.465978413890193,35,832,0.8382865794287944,1.6424213984045049,39.04270295635852
2021,MN,1951,968768600.0,496549.76934905176,799742356.8,12.661199384930805,33,868,0.8255246472687079,1.691440287032291,44.49000512557663
2021,MO,1063,626235900.0,589121.260583255,526644756.94,12.408278457196614,21,427,0.8409686460645261,1.975540921919097,40.169332079021636
2021,MS,367,211357900.0,575907.0844686648,181001409.51,11.346049046321525,12,148,0.8563739964770656,3.2697547683923704,40.32697547683924
2021,MT,276,158572700.0,574538.768115942,133257816.0,9.307971014492754,3,118,0.840357867400883,1.0869565217391304,42.7536231884058
2021,NC,1089,1035001000.0,950414.1414141414,881157457.99,13.912764003673095,13,437,0.8513590402231496,1.1937557392102847,40.12855831037649
2021,ND,176,85377400.0,485098.86363636365,65813075.0,10.340909090909092,2,99,0.7708489014657275,1.1363636363636365,56.25
2021,NE,344,193115300.0,561381.6860465116,155184694.3,15.284883720930232,4,132,0.8035857039809896,1.1627906976744187,38.372093023255815
2021,NH,411,150054900.0,365097.0802919708,118962410.0,11.588807785888077,4,197,0.792792571252255,0.9732360097323601,47.93187347931873
2021,NJ,1496,1114661800.0,745094.7860962567,948197246.0,11.501336898395722,52,520,0.8506591380452797,3.4759358288770055,34.75935828877005
2021,NM,271,216597000.0,799250.9225092251,184647080.0,11.206642066420665,2,98,0.8524914010812707,0.7380073800738007,36.162361623616235
2021,NV,513,401570000.0,782787.5243664717,338859316.9,15.961013645224172,16,199,0.8438362350275169,3.1189083820662766,38.79142300194932
2021,NY,2451,1492069900.0,608759.649122807,1233587209.64,10.182782537739698,93,802,0.8267623451421412,3.7943696450428397,32.72133822929417
2021,OH,3262,1173358300.0,359705.18087063154,967467702.6,9.572348252605764,84,1322,0.8245287927822218,2.575107296137339,40.52728387492336
2021,OK,589,382606700.0,649586.9269949066,314227713.62,12.02376910016978,7,225,0.8212812625079488,1.1884550084889642,38.20033955857385
2021,OR,780,528903200.0,678081.0256410256,450301163.76,8.402564102564103,17,277,0.8513867258885935,2.1794871794871793,35.51282051282051
2021,PA,1617,977762500.0,604676.8707482993,818688146.28,11.277674706246135,46,585,0.8373077779931221,2.8447742733457018,36.178107606679035
2021,PR,411,89322900.0,217330.65693430658,61986330.0,12.819951338199514,4,136,0.693957876423627,0.9732360097323601,33.09002433090024
2021,RI,182,105522900.0,579796.1538461539,83939677.0,12.203296703296703,2,55,0.7954640840992808,1.098901098901099,30.21978021978022
2021,SC,556,541570800.0,974048.201438849,467536848.2,14.197841726618705,12,221,0.8632977409417198,2.158273381294964,39.74820143884892
2021,SD,159,77573300.0,487882.3899371069,63933488.0,9.226415094339623,5,80,0.8241687281577553,3.1446540880503147,50.314465408805034
2021,TN,581,512551900.0,882189.156626506,435776583.19,14.697074010327022,18,220,0.8502096727960622,3.098106712564544,37.8657487091222
2021,TX,4109,3935329800.0,957734.1932343636,3333662266.244,12.702604039912387,131,1389,0.8471112805447716,3.1881236310537844,33.803845217814555
2021,UT,895,616055000.0,688329.6089385474,516627204.8,14.427932960893855,26,398,0.8386056517681051,2.905027932960894,44.46927374301676
2021,VA,764,585851900.0,766821.8586387434,493110408.35,13.230366492146597,11,273,0.8416980611482185,1.4397905759162304,35.73298429319372
2021,VI,8,5253400.0,656675.0,4163800.0,12.5,0,2,0.7925914645753227,0.0,25.0
2021,VT,149,45313500.0,304117.4496644295,37190215.0,8.979865771812081,2,72,0.8207314597195097,1.342281879194631,48.32214765100671
2021,WA,1460,1100568200.0,753813.8356164383,927193782.58,10.42876712328767,13,577,0.8424682655559192,0.8904109589041096,39.52054794520548
2021,WI,1323,773599300.0,584731.141345427,646878831.28,12.839002267573695,25,497,0.8361936616023308,1.8896447467876039,37.56613756613756
2021,WV,192,87984900.0,458254.6875,69567388.0,11.026041666666666,4,76,0.790674172500054,2.0833333333333335,39.583333333333336
2021,WY,107,62127600.0,580631.7757009346,51456210.0,11.158878504672897,4,44,0.8282343113205725,3.7383177570093458,41.12149532710281
2022,AK,85,60450100.0,711177.6470588235,44625250.0,15.282352941176471,1,26,0.7382163139515071,1.1764705882352942,30.58823529411765
2022,AL,302,179599800.0,594701.3245033113,134008055.0,11.407284768211921,12,49,0.7461481304544882,3.9735099337748343,16.225165562913908
2022,AR,267,149887400.0,561376.0299625468,110664835.0,9.891385767790263,4,76,0.7383197987289125,1.4981273408239701,28.46441947565543
2022,AZ,825,564254100.0,683944.3636363636,419501803.0,12.014545454545454,30,191,0.7434625694345863,3.6363636363636362,23.151515151515152
2022,CA,4899,3607121800.0,736297.5709328435,2671260828.78,11.00796080832823,192,1118,0.7405518795567148,3.919167176974893,22.820983874260055
2022,CO,1127,770288900.0,683486.1579414374,571504351.0,11.62466725820763,41,243,0.7419350726720845,3.6379769299023956,21.56166814551908
2022,CT,637,235063000.0,369015.69858712715,163483800.0,10.383045525902668,21,113,0.6954892943593846,3.2967032967032965,17.739403453689167
2022,DC,95,47353100.0,498453.6842105263,34186955.0,10.778947368421052,7,18,0.7219581188982348,7.368421052631579,18.94736842105263
2022,DE,149,53588500.0,359654.3624161074,36781505.0,7.154362416107382,14,25,0.6863693702939997,9.395973154362416,16.778523489932887
2022,FL,3248,1954857500.0,601864.9938423645,1455218100.36,11.528633004926109,174,683,0.7444113447450773,5.357142857142857,21.028325123152708
2022,GA,1364,1161383600.0,851454.2521994135,868678083.8,11.812316715542522,44,338,0.7479682714651731,3.225806451612903,24.780058651026394
2022,GU,12,4788100.0,399008.3333333333,3347300.0,22.25,0,3,0.6990873206491093,0.0,25.0
2022,HI,110,19306100.0,175510.0,13639520.0,4.054545454545455,7,23,0.7064875868248895,6.363636363636363,20.90909090909091
2022,IA,357,142865000.0,400182.0728291317,105105240.0,8.92156862745098,6,101,0.735696216708081,1.680672268907563,28.291316526610643
2022,ID,417,188546300.0,452149.4004796163,137896720.0,11.179856115107913,3,143,0.7313679451678448,0.7194244604316546,34.29256594724221
2022,IL,1655,933203000.0,563868.8821752266,680731320.0,11.307552870090634,43,392,0.7294568491528638,2.598187311178248,23.68580060422961
2022,IN,1118,488528700.0,436966.63685152057,352153161.2,10.438282647584973,19,306,0.7208443663596427,1.6994633273703041,27.37030411449016
2022,KS,394,166871000.0,423530.4568527919,121462965.38,11.1751269035533,5,113,0.7278854047737473,1.2690355329949239,28.68020304568528
2022,KY,394,179823900.0,456405.8375634518,129911215.0,10.771573604060913,9,100,0.7224357552027288,2.284263959390863,25.380710659898476
2022,LA,349,277924000.0,796343.8395415472,205535700.0,13.793696275071634,16,64,0.7395392265511435,4.584527220630372,18.33810888252149
2022,MA,1123,325890100.0,290195.9928762244,226002010.0,8.731967943009796,29,279,0.6934914868540039,2.5823686553873553,24.844167408726626
2022,MD,771,331436900.0,429879.2477302205,240557125.0,10.652399481193255,44,185,0.7258006727675765,5.706874189364462,23.994811932555123
2022,ME,258,65444900.0,253662.4031007752,44864025.0,8.426356589147288,2,68,0.6855236236895464,0.7751937984496124,26.356589147286822
2022,MI,2109,814382600.0,386146.3252726411,579459071.0,9.375059269796111,46,458,0.7115317431880298,2.1811284969179705,21.716453295400665
2022,MN,1485,624670800.0,420653.7373737374,450461813.8,12.779124579124579,49,423,0.7211187297373273,3.2996632996632997,28.484848484848484
2022,MO,916,418999900.0,457423.47161572054,303839460.25,11.482532751091703,25,247,0.7251540161465432,2.7292576419213974,26.965065502183407
2022,MS,291,132420600.0,455053.6082474227,99414845.0,9.859106529209622,10,91,0.7507506007373476,3.4364261168384878,31.27147766323024
2022,MT,166,83598600.0,503606.0240963855,61016840.0,12.608433734939759,5,50,0.7298787300265794,3.0120481927710845,30.120481927710845
2022,NC,983,751265400.0,764257.7822990845,554584256.5,13.925737538148525,25,251,0.7382001839829173,2.5432349949135302,25.53407934893184
2022,ND,114,43692400.0,383266.6666666667,29862660.0,9.850877192982455,1,37,0.6834749292783184,0.8771929824561403,32.45614035087719
2022,NE,299,124285000.0,415668.8963210702,88782295.0,9.357859531772576,6,94,0.714344410025345,2.0066889632107023,31.438127090301002
2022,NH,383,113734100.0,296955.87467362924,79920165.0,8.934725848563968,3,102,0.7026930797359807,0.783289817232376,26.631853785900784
2022,NJ,1518,719699400.0,474110.2766798419,522933290.0,9.104743083003953,93,304,0.7265995914405375,6.126482213438735,20.02635046113307
2022,NM,218,126420200.0,579909.1743119266,92622365.0,12.587155963302752,4,55,0.7326547893453736,1.834862385321101,25.229357798165136
2022,NV,438,224213100.0,511902.05479452055,165793975.0,10.296803652968036,30,89,0.7394482079771432,6.8493150684931505,20.319634703196346
2022,NY,2706,1052664700.0,389011.34515890613,753060006.2,7.339615668883962,213,558,0.7153844963168234,7.871396895787139,20.620842572062084
2022,OH,3527,1037748800.0,294229.8837538985,728505110.34,7.075418202438333,91,739,0.7020052543929707,2.5800963992061243,20.952650978168414
2022,OK,556,290408400.0,522317.2661870504,213147710.0,11.197841726618705,13,151,0.7339584874266722,2.338129496402878,27.158273381294965
2022,OR,757,394497200.0,521132.3645970938,291423310.0,8.301188903566711,19,203,0.7387208578413231,2.509907529722589,26.81638044914135
2022,PA,1739,833879900.0,479516.9062679701,604752730.7,10.25014376078206,54,392,0.7252276145521676,3.105232892466935,22.54169062679701
2022,PR,420,74578300.0,177567.38095238095,47444630.0,12.878571428571428,7,89,0.6361720500467294,1.6666666666666667,21.19047619047619
2022,RI,158,60001200.0,379754.43037974683,42187525.0,10.012658227848101,5,33,0.7031113544395778,3.1645569620253164,20.88607594936709
2022,SC,562,343032400.0,610377.9359430606,254650723.6,12.555160142348754,19,134,0.7423518116656036,3.380782918149466,23.843416370106763
2022,SD,117,35341900.0,302067.5213675214,25317370.0,8.658119658119658,3,30,0.7163556571661399,2.5641025641025643,25.641025641025642
2022,TN,555,354445000.0,638639.6396396396,263041477.9,11.073873873873874,15,149,0.7421221286800491,2.7027027027027026,26.846846846846848
2022,TX,3498,2797971300.0,799877.4442538593,2074517364.46,13.55431675242996,150,748,0.7414362557828953,4.288164665523156,21.38364779874214
2022,UT,758,423942600.0,559291.0290237467,312259268.0,13.257255936675461,19,211,0.7365602513170415,2.5065963060686016,27.83641160949868
2022,VA,772,428537900.0,555100.9067357513,316003320.0,12.353626943005182,29,178,0.7373987691637076,3.756476683937824,23.05699481865285
2022,VI,14,9265000.0,661785.7142857143,6769500.0,13.571428571428571,1,1,0.7306529951430113,7.142857142857143,7.142857142857143
2022,VT,133,36292900.0,272878.94736842107,24687140.0,9.037593984962406,1,40,0.6802195470739456,0.7518796992481203,30.075187969924812
2022,WA,1251,808012800.0,645893.5251798561,593186830.9,10.498001598721023,26,345,0.7341304876605915,2.0783373301358914,27.577937649880095
2022,WI,961,504251600.0,524715.5046826223,363956201.0,11.517169614984391,17,246,0.7217750047793602,1.7689906347554631,25.598335067637876
2022,WV,166,59448400.0,358122.8915662651,42161150.0,8.825301204819278,1,31,0.7092057986421838,0.6024096385542169,18.674698795180724
2022,WY,98,47900800.0,488783.67346938775,35095030.0,11.948979591836734,3,37,0.7326606236221525,3.061224489795918,37.755102040816325
2023,AK,107,73510500.0,687014.0186915888,55044455.0,15.476635514018692,0,13,0.7487971786343448,0.0,12.149532710280374
2023,AL,408,287350100.0,704289.4607843137,214399663.3,10.754901960784315,5,51,0.7461269834254451,1.2254901960784315,12.5
2023,AR,306,199453600.0,651809.1503267974,147460039.66,11.356209150326798,4,72,0.739320020596269,1.3071895424836601,23.529411764705884
2023,AZ,1119,678103800.0,605990.8847184987,503406145.0,12.109025915996426,40,180,0.7423732841491228,3.5746201966041107,16.0857908847185
2023,CA,6098,3631102500.0,595457.9370285339,2684852621.75,11.147425385372253,235,874,0.7394042502931272,3.8537225319776978,14.332568055100033
2023,CO,1438,855129700.0,594665.9944367177,628456214.6,11.567454798331015,40,209,0.7349250231865412,2.7816411682892905,14.534075104311544
2023,CT,744,290548300.0,390521.90860215056,205357225.0,9.741935483870968,24,71,0.7067920376749752,3.225806451612903,9.543010752688172
2023,DC,123,52100400.0,423580.48780487804,37597025.0,17.24390243902439,10,10,0.7216264174555281,8.130081300813009,8.130081300813009
2023,DE,196,74673800.0,380988.7755102041,55068310.0,10.658163265306122,10,30,0.737451555967421,5.1020408163265305,15.306122448979592
2023,FL,4621,2232133700.0,483041.2681237827,1642964376.82,10.929236096083098,197,614,0.7360510603912301,4.263146505085479,13.287167279809566
2023,GA,1686,1177881300.0,698624.7330960854,879993518.0,11.690391459074734,39,235,0.7470986405845819,2.3131672597864767,13.938315539739028
2023,HI,150,49703000.0,331353.3333333333,36233025.0,9.033333333333333,4,27,0.7289907047864314,2.6666666666666665,18.0
2023,IA,296,99140400.0,334933.7837837838,71798124.6,10.506756756756756,4,53,0.7242065252914048,1.3513513513513513,17.905405405405407
2023,ID,455,202266400.0,444541.53846153844,146129447.5,10.938461538461539,4,97,0.7224603171856522,0.8791208791208791,21.318681318681318
2023,IL,1957,980397300.0,500969.4941236587,708529009.53,12.41338783852836,65,287,0.7226957984584412,3.321410321921308,14.665304036791007
2023,IN,1194,493159100.0,413031.07202680066,356621850.0,11.496649916247906,27,181,0.7231375229616568,2.2613065326633164,15.159128978224455
2023,KS,416,204692700.0,492049.7596153846,150298110.0,13.28125,2,80,0.7342621891254549,0.4807692307692308,19.23076923076923
2023,KY,440,194972500.0,443119.3181818182,140499485.0,12.679545454545455,8,63,0.7206118042288014,1.8181818181818181,14.318181818181818
2023,LA,429,245307200.0,571811.6550116551,182378761.7,12.526806526806526,10,47,0.7434708875238883,2.331002331002331,10.955710955710956
2023,MA,1425,432524000.0,303525.6140350877,300241385.0,10.195087719298245,39,216,0.6941612141753983,2.736842105263158,15.157894736842104
2023,MD,939,365211300.0,388936.4217252396,260847448.6,12.498402555910543,35,109,0.7142370693349303,3.7273695420660276,11.608093716719916
2023,ME,346,73916300.0,213630.92485549132,49985450.0,8.193641618497109,6,57,0.6762439407816679,1.7341040462427746,16.473988439306357
2023,MI,2495,803134500.0,321897.59519038076,570615326.5,8.574749498997996,41,297,0.7104853875658436,1.6432865731462927,11.90380761523046
2023,MN,1560,614854600.0,394137.5641025641,441268775.0,11.031410256410256,34,289,0.717679879112883,2.1794871794871793,18.525641025641026
2023,MO,897,500212500.0,557650.5016722408,369970931.0,12.306577480490525,15,182,0.7396275203038708,1.6722408026755853,20.28985507246377
2023,MS,329,209124000.0,635635.2583586626,155955900.1,9.620060790273556,7,53,0.7457580196438477,2.127659574468085,16.109422492401215
2023,MT,157,66197400.0,421639.49044585985,48541500.0,9.51592356687898,2,33,0.7332840866861841,1.2738853503184713,21.019108280254777
2023,NC,1302,873505300.0,670895.0076804915,650403445.0,13.34715821812596,21,168,0.744590153030554,1.6129032258064515,12.903225806451612
2023,ND,87,34005700.0,390870.1149425287,23731312.2,13.505747126436782,1,19,0.6978627759463855,1.1494252873563218,21.839080459770116
2023,NE,295,105294600.0,356930.8474576271,76074385.0,9.72542372881356,1,71,0.7224908494832594,0.3389830508474576,24.06779661016949
2023,NH,396,96250400.0,243056.56565656565,66132350.0,8.424242424242424,4,73,0.6870864952249549,1.0101010101010102,18.434343434343436
2023,NJ,2249,964618200.0,428909.82658959535,698802840.0,8.939084037349934,122,286,0.7244346416022422,5.42463317029791,12.716763005780347
2023,NM,211,135827400.0,643731.7535545024,100893245.0,14.791469194312796,5,37,0.7428048022711176,2.3696682464454977,17.53554502369668
2023,NV,574,327486500.0,570533.9721254356,240983560.0,14.344947735191637,19,95,0.7358579971998845,3.3101045296167246,16.550522648083625
2023,NY,4092,1258454000.0,307540.0782013685,884268606.2,7.680840664711632,280,499,0.7026626370133513,6.842619745845552,12.194525904203324
2023,OH,3654,1010158900.0,276452.90093048714,711892775.0,7.732074438970991,52,495,0.704733458270773,1.4230979748221126,13.54679802955665
2023,OK,462,238265200.0,515725.54112554115,172476175.0,12.69047619047619,4,84,0.7238831982177842,0.8658008658008658,18.181818181818183
2023,OR,763,415282300.0,544275.622542595,303109319.0,10.222804718217562,19,137,0.7298874018950483,2.490170380078637,17.955439056356486
2023,PA,2035,765881200.0,376354.39803439804,555009807.5,10.635380835380836,68,251,0.7246682742702132,3.3415233415233416,12.334152334152334
2023,PR,461,82389500.0,178719.08893709327,55079132.5,11.783080260303688,1,52,0.6685212618112745,0.21691973969631237,11.279826464208243
2023,RI,198,71236200.0,359778.7878787879,49465208.0,9.16161616161616,4,28,0.6943830243612096,2.0202020202020203,14.141414141414142
2023,SC,680,371600400.0,546471.1764705882,273798135.0,10.541176470588235,11,87,0.7368079662992828,1.6176470588235294,12.794117647058824
2023,SD,134,57162700.0,426587.3134328358,40881100.0,12.08955223880597,3,22,0.7151709069025781,2.2388059701492535,16.417910447761194
2023,TN,662,376412400.0,568598.7915407855,278105600.0,12.265861027190333,14,92,0.7388321957512558,2.1148036253776437,13.897280966767372
2023,TX,4099,2823132400.0,688736.8626494267,2095907433.0,14.020980727006586,99,521,0.7424049375084215,2.4152232251768724,12.710417174920712
2023,UT,904,439799700.0,486504.092920354,323427983.0,12.563053097345133,13,172,0.7353983711221267,1.4380530973451326,19.02654867256637
2023,VA,970,492372800.0,507600.824742268,363516010.0,13.742268041237113,28,126,0.7382942558971576,2.88659793814433,12.989690721649485
2023,VI,18,9812700.0,545150.0,6116630.0,17.555555555555557,0,3,0.6233381230446259,0.0,16.666666666666668
2023,VT,155,38506300.0,248427.74193548388,24035882.2,7.632258064516129,4,37,0.6242064856919517,2.5806451612903225,23.870967741935484
2023,WA,1409,842211200.0,597736.8346344925,615176305.0,9.800567778566359,30,233,0.7304299740967586,2.1291696238466997,16.536550745209368
2023,WI,962,480713500.0,499702.18295218295,350832400.0,10.647609147609147,23,171,0.729815992269824,2.3908523908523907,17.775467775467774
2023,WV,156,52175800.0,334460.25641025644,37212125.0,7.621794871794871,2,23,0.7132066015279114,1.2820512820512822,14.743589743589743
2023,WY,65,51044900.0,785306.1538461539,38513450.0,11.107692307692307,0,25,0.7545014291339586,0.0,38.46153846153846
2024,AK,116,86866000.0,748844.8275862068,64821545.0,9.258620689655173,0,8,0.7462245872953744,0.0,6.896551724137931
2024,AL,502,294508500.0,586670.3187250996,219465255.0,11.43824701195219,2,31,0.745191581906804,0.398406374501992,6.175298804780876
2024,AR,287,144840700.0,504671.4285714286,106910085.0,8.822299651567944,1,23,0.7381218469670472,0.34843205574912894,8.013937282229966
2024,AZ,1336,705467000.0,528044.1616766467,522944956.86,10.701347305389222,8,122,0.7412748673715426,0.5988023952095808,9.131736526946108
2024,CA,8269,4023520600.0,486578.8608054178,2979064932.66,10.3334139557383,98,663,0.7404124966229824,1.1851493530052002,8.017898173902527
2024,CO,1797,937664300.0,521794.26822481916,694379917.5,9.929326655537006,11,124,0.7405421295233273,0.6121313299944352,6.900389538119088
2024,CT,902,319007100.0,353666.4079822616,227259590.0,9.784922394678492,11,81,0.7123966519867426,1.2195121951219512,8.980044345898005
2024,DC,149,69317600.0,465218.79194630875,51244695.0,8.825503355704697,0,7,0.7392739362009071,0.0,4.697986577181208
2024,DE,243,85063300.0,350054.7325102881,62552200.0,7.08641975308642,4,8,0.7353606079237462,1.646090534979424,3.292181069958848
2024,FL,5905,2830413700.0,479324.9280270957,2083591437.3,10.132938187976292,48,445,0.7361437790171804,0.8128704487722269,7.535986452159187
2024,GA,2037,1305180800.0,640736.7697594502,977436014.0,11.436426116838488,21,141,0.748889360002844,1.0309278350515463,6.9219440353460975
2024,GU,10,764000.0,76400.0,558500.0,10.2,0,1,0.731020942408377,0.0,10.0
2024,HI,220,54809400.0,249133.63636363635,39960905.0,8.577272727272728,4,23,0.729088532259065,1.8181818181818181,10.454545454545455
2024,IA,421,146022000.0,346845.6057007126,108786973.0,9.028503562945367,5,53,0.7450039925490679,1.187648456057007,12.589073634204276
2024,ID,642,216893500.0,337840.3426791277,158247615.0,7.649532710280374,6,97,0.729609762394908,0.9345794392523364,15.109034267912772
2024,IL,2459,1173507800.0,477229.6868645791,857831495.0,11.37738918259455,26,173,0.7309976934111558,1.0573403822692151,7.035380235868239
2024,IN,1320,589875200.0,446875.1515151515,430584585.4,9.602272727272727,6,93,0.7299587868755967,0.45454545454545453,7.045454545454546
2024,KS,469,253112000.0,539684.434968017,186704605.0,10.618336886993603,3,48,0.7376363230506653,0.6396588486140725,10.23454157782516
2024,KY,521,220982100.0,424149.90403071017,161354585.0,8.591170825335892,4,48,0.7301703848411252,0.7677543186180422,9.213051823416507
2024,LA,578,333284900.0,576617.4740484429,248982000.0,10.522491349480969,6,37,0.7470545470256829,1.0380622837370241,6.401384083044983
2024,MA,1924,523371500.0,272022.60914760915,366471995.0,9.151767151767151,21,183,0.7002138920441789,1.0914760914760915,9.511434511434512
2024,MD,1236,434024200.0,351152.2653721683,316906210.0,9.987864077669903,14,76,0.7301579266778212,1.132686084142395,6.148867313915858
2024,ME,372,86392100.0,232236.82795698923,60711195.0,7.185483870967742,1,41,0.70274012322886,0.26881720430107525,11.021505376344086
2024,MI,2712,970486500.0,357849.00442477874,704244597.2,9.524705014749262,11,177,0.725661405078793,0.4056047197640118,6.5265486725663715
2024,MN,1614,686635200.0,425424.53531598515,494914157.5,11.736059479553903,6,169,0.7207818030593247,0.37174721189591076,10.47087980173482
2024,MO,1050,499345800.0,475567.4285714286,372695455.0,10.970476190476191,9,99,0.7463674571809756,0.8571428571428571,9.428571428571429
2024,MS,357,163112100.0,456896.6386554622,122526430.0,9.243697478991596,2,29,0.751179280997547,0.5602240896358543,8.123249299719888
2024,MT,213,98679300.0,463283.0985915493,72728300.0,10.539906103286384,1,24,0.7370167806216704,0.4694835680751174,11.267605633802816
2024,NC,1601,968872200.0,605166.8956901936,714996693.5,10.543410368519675,12,89,0.7379680142540987,0.749531542785759,5.559025608994379
2024,ND,123,41324400.0,335970.73170731706,29649495.0,9.94308943089431,0,18,0.7174815605308245,0.0,14.634146341463415
2024,NE,368,160558700.0,436300.8152173913,116957540.0,10.269021739130435,3,43,0.7284410000828357,0.8152173913043478,11.684782608695652
2024,NH,588,130405100.0,221777.38095238095,88586050.0,6.695578231292517,6,60,0.6793143059588928,1.0204081632653061,10.204081632653061
2024,NJ,2496,892053500.0,357393.2291666667,644695830.0,8.272836538461538,39,160,0.7227098262604205,1.5625,6.410256410256411
2024,NM,260,126771900.0,487584.23076923075,94610065.2,11.207692307692307,2,17,0.746301547898233,0.7692307692307693,6.538461538461538
2024,NV,746,353171000.0,473419.5710455764,261483395.0,10.754691689008043,11,64,0.7403875035039683,1.4745308310991958,8.579088471849866
2024,NY,4817,1444429900.0,299860.88851982565,1024849454.3,7.731368071413743,76,319,0.7095183049727785,1.5777454847415404,6.622379074112518
2024,OH,3838,1070303400.0,278870.08858780615,766715904.0,7.471339239187077,22,238,0.7163537965029355,0.5732152162584679,6.201146430432517
2024,OK,478,314712900.0,658395.1882845188,233555625.0,12.280334728033473,1,36,0.7421228205135538,0.20920502092050208,7.531380753138075
2024,OR,1058,351682900.0,332403.49716446124,255858125.0,7.614366729678639,6,120,0.7275250659045407,0.5671077504725898,11.342155009451796
2024,PA,2454,932641200.0,380049.38875305624,683180625.0,9.121026894865526,20,173,0.7325224587976598,0.8149959250203749,7.049714751426243
2024,PR,655,109214100.0,166739.08396946566,72550675.0,10.748091603053435,0,70,0.664297695993466,0.0,10.687022900763358
2024,RI,251,77029200.0,306889.2430278885,54566995.0,7.796812749003984,3,21,0.7083936351409595,1.1952191235059761,8.366533864541832
2024,SC,804,439717400.0,546912.1890547264,325878755.0,9.781094527363184,8,57,0.7411095285290052,0.9950248756218906,7.08955223880597
2024,SD,152,62290000.0,409802.63157894736,46789855.0,7.006578947368421,1,17,0.7511615829186065,0.6578947368421053,11.18421052631579
2024,TN,819,418670700.0,511197.4358974359,313396525.0,10.800976800976802,3,66,0.74855136745896,0.3663003663003663,8.058608058608058
2024,TX,5236,3201312100.0,611404.1443850268,2383693804.56,11.71409472880061,42,340,0.7445990050642047,0.8021390374331551,6.4935064935064934
2024,UT,1153,542683700.0,470671.0320901995,400186455.0,12.849956634865569,6,142,0.737421181067351,0.5203816131830009,12.315698178664354
2024,VA,1201,557721600.0,464381.01582014986,408837955.0,13.209825145711907,10,98,0.7330502440644221,0.832639467110741,8.159866777685263
2024,VI,21,9329700.0,444271.4285714286,6695375.0,6.380952380952381,0,3,0.7176409745222248,0.0,14.285714285714286
2024,VT,157,36008000.0,229350.31847133758,25284625.0,6.515923566878981,1,18,0.7021946511886248,0.6369426751592356,11.464968152866241
2024,WA,1862,962967100.0,517168.15252416756,701779840.0,9.038668098818475,14,162,0.7287682414072091,0.7518796992481203,8.70032223415682
2024,WI,1099,524543400.0,477291.53776160144,386303055.0,10.631483166515014,7,109,0.736455849029842,0.6369426751592356,9.918107370336669
2024,WV,208,84632600.0,406887.5,61593695.0,7.201923076923077,4,15,0.7277774167401214,1.9230769230769231,7.211538461538462
2024,WY,103,54949800.0,533493.2038834952,40582590.0,9.572815533980583,3,11,0.7385393577410655,2.912621359223301,10.679611650485437
2025,AK,115,80396600.0,699100.8695652174,60024370.0,10.695652173913043,0,1,0.7466033389471695,0.0,0.8695652173913043
2025,AL,629,355154000.0,564632.7503974562,266721637.6,11.303656597774244,2,7,0.7510027695028072,0.3179650238473768,1.1128775834658187
2025,AR,401,247453800.0,617091.7705735661,184771075.0,9.897755610972569,0,12,0.7466891799600572,0.0,2.9925187032418954
2025,AZ,1645,846321300.0,514481.03343465045,625475018.04,10.902735562310031,2,36,0.7390514903027963,0.12158054711246201,2.188449848024316
2025,CA,9691,4805601300.0,495882.9119801878,3567571776.5,9.840986482303167,14,281,0.7423778115966466,0.14446393561036014,2.8995975647508
2025,CO,2240,1211542200.0,540867.0535714285,896482087.0,10.490178571428572,3,70,0.7399511853569772,0.13392857142857142,3.125
2025,CT,1003,388250600.0,387089.33200398803,276286424.0,8.155533399800598,3,26,0.7116187946650951,0.29910269192422734,2.59222333000997
2025,DC,178,77970200.0,438034.8314606742,57547860.0,11.365168539325843,0,1,0.7380750594457882,0.0,0.5617977528089888
2025,DE,275,91766400.0,333696.0,66130615.0,6.487272727272727,1,5,0.7206408336820448,0.36363636363636365,1.8181818181818181
2025,FL,6298,3220367000.0,511331.6926008257,2390577922.5,9.553985392187997,8,145,0.7423308966027785,0.12702445220704986,2.3023181962527786
2025,GA,2377,1529328600.0,643386.032814472,1145427626.75,10.366007572570467,1,57,0.7489741751707253,0.04206983592763988,2.3979806478754733
2025,GU,7,2658000.0,379714.28571428574,1823500.0,12.0,0,0,0.6860421369450714,0.0,0.0
2025,HI,232,53619300.0,231117.6724137931,39550245.0,7.633620689655173,1,7,0.7376121098186661,0.43103448275862066,3.0172413793103448
2025,IA,428,175760000.0,410654.20560747664,130317580.0,9.38551401869159,0,15,0.7414518661811561,0.0,3.5046728971962615
2025,ID,811,289938000.0,357506.78175092477,212975180.0,7.727496917385944,0,41,0.7345542150390774,0.0,5.055487053020962
2025,IL,2821,1308391500.0,463804.14746543777,965755535.0,10.27578872740163,7,94,0.7381242808440746,0.24813895781637718,3.3321517192484933
2025,IN,1238,564691500.0,456132.06785137317,413533890.0,9.210016155088853,1,36,0.7323182481053815,0.08077544426494346,2.9079159935379644
2025,KS,496,243997300.0,491930.04032258067,181088560.0,11.080645161290322,0,16,0.7421744420942363,0.0,3.225806451612903
2025,KY,597,287344300.0,481313.73534338357,211003380.0,10.919597989949748,2,27,0.7343224835154204,0.33500837520938026,4.522613065326633
2025,LA,623,348555900.0,559479.7752808989,260314510.0,12.364365971107544,0,9,0.7468371931159392,0.0,1.4446227929373996
2025,MA,2033,595181200.0,292760.0590260698,421140910.0,8.164781111657648,8,63,0.7075843625437094,0.39350713231677326,3.0988686669945893
2025,MD,1477,526968400.0,356782.93838862557,385933537.0,9.942450914014895,0,28,0.7323656162304988,0.0,1.8957345971563981
2025,ME,411,104126900.0,253350.1216545012,72665470.0,7.489051094890511,1,19,0.6978549250962047,0.24330900243309003,4.622871046228711
2025,MI,2472,983836200.0,397991.99029126216,717559822.88,9.366100323624595,0,45,0.7293488721801454,0.0,1.8203883495145632
2025,MN,1583,686581100.0,433721.47820593807,503329866.75,11.38092229943146,2,64,0.7330960126196308,0.12634238787113075,4.042956411876184
2025,MO,1200,713411900.0,594509.9166666666,524521627.93,9.445,0,32,0.7352297150215745,0.0,2.6666666666666665
2025,MS,344,190968200.0,555140.1162790698,143599985.0,9.959302325581396,0,11,0.7519575772301357,0.0,3.197674418604651
2025,MT,265,143932500.0,543141.5094339623,106697090.0,9.022641509433962,0,9,0.7412994980285897,0.0,3.3962264150943398
2025,NC,1905,1205553600.0,632836.5354330709,897591531.0,10.854593175853019,4,37,0.7445471781594779,0.2099737532808399,1.942257217847769
2025,ND,132,100539000.0,761659.0909090909,74119740.0,10.257575757575758,0,10,0.7372237639125115,0.0,7.575757575757576
2025,NE,331,164223800.0,496144.41087613296,120364180.0,10.099697885196374,0,18,0.732927748596732,0.0,5.438066465256798
2025,NH,603,195950500.0,324959.36981757876,137616040.0,7.1011608623548925,0,23,0.7023000196478192,0.0,3.814262023217247
2025,NJ,2830,1202103700.0,424771.6254416961,876577269.0,8.551236749116608,3,68,0.7292027043923083,0.10600706713780919,2.402826855123675
2025,NM,311,187628100.0,603305.7877813504,139163665.0,12.504823151125402,0,13,0.7416994842456966,0.0,4.180064308681672
2025,NV,879,394414300.0,448707.96359499433,292074715.0,10.811149032992036,0,22,0.7405277014550435,0.0,2.502844141069397
2025,NY,5302,1831600400.0,345454.6208977744,1309143576.88,7.961335345152772,7,129,0.7147539260637856,0.13202565069784986,2.4330441342889477
2025,OH,3331,1246026200.0,374069.7087961573,904668838.0,8.856799759831882,0,80,0.7260431907451064,0.0,2.4016811768237765
2025,OK,510,306261000.0,600511.7647058824,226616650.0,14.266666666666667,0,10,0.7399461570359922,0.0,1.9607843137254901
2025,OR,1232,515250700.0,418222.9707792208,375654195.0,8.29788961038961,0,35,0.729070712567688,0.0,2.840909090909091
2025,PA,2702,1193835700.0,441834.0858623242,886336620.0,10.215025906735752,0,58,0.7424276389121217,0.0,2.146558105107328
2025,PR,548,89791600.0,163853.28467153283,58362180.0,9.607664233576642,0,27,0.6499737169178409,0.0,4.927007299270073
2025,RI,333,105922400.0,318085.28528528527,75191825.0,7.474474474474475,0,17,0.7098765228129272,0.0,5.105105105105105
2025,SC,927,503104800.0,542723.6245954692,374674035.0,9.336569579288026,1,32,0.7447236341215587,0.10787486515641856,3.451995685005394
2025,SD,175,84024600.0,480140.5714285714,62791670.0,9.24,1,10,0.7473010285083178,0.5714285714285714,5.714285714285714
2025,TN,1021,546946600.0,535696.9637610186,409113512.0,10.101860920666013,2,33,0.7479953472605918,0.1958863858961802,3.2321253672869736
2025,TX,6300,4067584200.0,645648.2857142857,3039229687.7,11.501587301587302,4,143,0.7471829809202228,0.06349206349206349,2.2698412698412698
2025,UT,1344,611399600.0,454910.4166666667,452601510.72,10.214285714285714,0,47,0.7402711920648951,0.0,3.4970238095238093
2025,VA,1497,755566500.0,504720.4408817635,559611985.0,11.032064128256513,4,29,0.7406521927586784,0.26720106880427524,1.9372077488309953
2025,VI,19,20573400.0,1082810.5263157894,15775290.0,21.36842105263158,0,0,0.7667808918311995,0.0,0.0
2025,VT,209,60269000.0,288368.4210526316,42901110.0,6.679425837320574,0,6,0.7118271416482769,0.0,2.8708133971291865
2025,WA,2214,1128309600.0,509624.9322493225,828028721.5,8.043360433604336,2,70,0.7338665925558021,0.09033423667570009,3.1616982836495033
2025,WI,1123,547737200.0,487744.6126447017,404741510.0,10.667853962600178,1,29,0.738933762395543,0.08904719501335707,2.5823686553873553
2025,WV,212,71942100.0,339349.5283018868,53016045.0,10.476415094339623,0,5,0.7369265701168023,0.0,2.358490566037736
2025,WY,145,69359900.0,478344.1379310345,52575925.0,7.324137931034483,0,8,0.7580161591928477,0.0,5.517241379310345
